{"sections":{"slideshow":{"type":"slideshow","blocks":{"video_UNqHX6":{"type":"video","settings":{"video":"shopify:\/\/files\/videos\/MADSPACE背景(4).mp4","content_max_width":780,"mobile_text_position":"place-self-end-center text-center","desktop_text_position":"sm:place-self-end-center sm:text-center","subheading":".","image-block_width":430,"title":"","heading_tag":"h3","button_text":"联系我们","button_link":"","text_color":"#ffffff","button_background":"#003ad4","button_text_color":"#ffffff","overlay_color":"#000000","overlay_opacity":0,"background":"","background_gradient":""}}},"block_order":["video_UNqHX6"],"custom_css":[".button {padding-left: 60px; padding-right: 60px; margin-bottom: 30px !important;}"],"settings":{"full_width":true,"allow_transparent_header":false,"image_size":"auto","controls_type":"numbers","transition_type":"fade_with_text","autoplay":true,"cycle_speed":6,"background":"#f2f2f2","background_gradient":"linear-gradient(60deg, rgba(60, 65, 68, 1), rgba(23, 29, 33, 1) 98%)"}},"image_with_text_overlay_pemAVM":{"type":"image-with-text-overlay","disabled":true,"custom_css":[".section-blends {padding: 1rem 0;}"],"settings":{"full_width":true,"allow_transparent_header":false,"enable_parallax":false,"image_size":"auto","image":"shopify:\/\/shop_images\/11_5bae706f-281e-4b24-b35f-86491607a679.png","mobile_text_position":"place-self-center text-center","desktop_text_position":"sm:place-self-center sm:text-center","text_color":"#ffffff","overlay_color":"#000000","overlay_opacity":0}},"text_with_icons_02_9gVTpj":{"type":"text-with-icons-02","blocks":{"item_qthrfY":{"type":"item","settings":{"icon":"picto-coupon","custom_icon":"shopify:\/\/shop_images\/3_b5c7fafb-2b93-4f21-9d5e-457100d7ce8e.png","mobile_icon_width":56,"icon_width":48,"icon_background_type":"none","icon_background":"","icon_color":"","title":"","title-content":"<strong class=\"counter\" data-target=\"300\">0<\/strong>\n+","content":"<h5>累计成功项目<\/h5>"}},"item_6WfiXR":{"type":"item","settings":{"icon":"picto-coupon","custom_icon":"shopify:\/\/shop_images\/2_245b1082-c758-4af1-8401-b9a33d4a2565.png","mobile_icon_width":56,"icon_width":84,"icon_background_type":"none","icon_background":"","icon_color":"","title":"","title-content":"$\n<strong class=\"counter\" data-target=\"3550000\">0<\/strong>\n+","content":"<h5>单项目最高金额<\/h5>"}},"item_naiJVR":{"type":"item","settings":{"icon":"picto-coupon","custom_icon":"shopify:\/\/shop_images\/1_98931073-e722-4ea2-afbd-b25165ada175.png","mobile_icon_width":56,"icon_width":56,"icon_background_type":"none","icon_background":"","icon_color":"","title":"","title-content":"$\n<strong class=\"counter\" data-target=\"60000000\">0<\/strong>\n+","content":"<h5>累计项目金额<\/h5>"}}},"block_order":["item_qthrfY","item_6WfiXR","item_naiJVR"],"settings":{"full_width":true,"stack_on_mobile":true,"title":"","heading_tag":"h2","text_alignment":"center","icon_spacing":"large","background":"","background_gradient":"","text_color":""}},"rich_text_Vqj3gd":{"type":"rich-text","blocks":{"heading_a6CzGt":{"type":"heading","settings":{"text":"迈思助力优秀案例","heading_tag":"h2","text_color":"","gradient":""}}},"block_order":["heading_a6CzGt"],"custom_css":[".section-blends {padding-bottom: 0;}"],"settings":{"full_width":true,"content_width":"small","text_position":"center","background":"","background_gradient":"","text_color":""}},"case_display_447dYR":{"type":"case-display","blocks":{"image_jLeyzd":{"type":"image","settings":{"block-image":"shopify:\/\/shop_images\/1_6ea53465-3606-4ee4-a303-b6fd950bc332.jpg"}},"image_DXdzkY":{"type":"image","settings":{"block-image":"shopify:\/\/shop_images\/2_05d13d46-3a3f-41b0-8614-199a751edddf.jpg"}},"image_bMU7Eb":{"type":"image","settings":{"block-image":"shopify:\/\/shop_images\/3_d1ed031e-b832-4fc1-b53e-1cb2232471d5.jpg"}},"image_9XGEK3":{"type":"image","settings":{"block-image":"shopify:\/\/shop_images\/4_9d927886-c73b-4457-aae5-f7d5248b9b73.jpg"}},"image_BkK4x6":{"type":"image","settings":{"block-image":"shopify:\/\/shop_images\/5_a0fc628d-0a85-48d5-b836-8fe83c512de0.jpg"}},"image_mDLHUL":{"type":"image","settings":{"block-image":"shopify:\/\/shop_images\/6_7dfc6db0-7e17-4c7d-8ba9-d1c0779b610f.jpg"}},"image_4QaPCQ":{"type":"image","settings":{"block-image":"shopify:\/\/shop_images\/7_ab9eeba0-6360-48c8-9088-622868ca8045.jpg"}},"image_7mppiY":{"type":"image","settings":{"block-image":"shopify:\/\/shop_images\/8_68bd7559-66b1-4794-a21b-615f8bb39191.jpg"}},"image_UAa68N":{"type":"image","settings":{"block-image":"shopify:\/\/shop_images\/9_8c84c750-9a78-409c-9ea6-42f74fd99048.jpg"}},"image_6WjxF3":{"type":"image","settings":{"block-image":"shopify:\/\/shop_images\/10_144e4105-26b1-4473-b92d-7339187a3c4f.jpg"}},"image_NxUVT4":{"type":"image","settings":{"block-image":"shopify:\/\/shop_images\/13.jpg"}},"image_yakGQc":{"type":"image","settings":{"block-image":"shopify:\/\/shop_images\/14.jpg"}},"image_6GdVpi":{"type":"image","settings":{"block-image":"shopify:\/\/shop_images\/15.jpg"}},"image_fFaCEP":{"type":"image","settings":{"block-image":"shopify:\/\/shop_images\/17.jpg"}},"image_ynJ9Wf":{"type":"image","settings":{"block-image":"shopify:\/\/shop_images\/18.jpg"}},"image_rURTgV":{"type":"image","settings":{"block-image":"shopify:\/\/shop_images\/19.jpg"}},"image_7jFqM3":{"type":"image","settings":{"block-image":"shopify:\/\/shop_images\/20.jpg"}},"image_FTxzQC":{"type":"image","settings":{"block-image":"shopify:\/\/shop_images\/21.jpg"}},"image_YkDXU6":{"type":"image","settings":{"block-image":"shopify:\/\/shop_images\/22.jpg"}},"image_rdAj9b":{"type":"image","settings":{"block-image":"shopify:\/\/shop_images\/23.jpg"}}},"block_order":["image_jLeyzd","image_DXdzkY","image_bMU7Eb","image_9XGEK3","image_BkK4x6","image_mDLHUL","image_4QaPCQ","image_7mppiY","image_UAa68N","image_6WjxF3","image_NxUVT4","image_yakGQc","image_6GdVpi","image_fFaCEP","image_ynJ9Wf","image_rURTgV","image_7jFqM3","image_FTxzQC","image_YkDXU6","image_rdAj9b"],"settings":{}},"pagefly_section_EkxPHm":{"type":"pagefly-section","settings":{"section_id":"pf-20844c36"}},"sp_partners_rose_r4yfnh":{"type":"sp-partners-rose","blocks":{"heading_Q3RTLp":{"type":"heading","settings":{"heading_tag":"h2","heading_text":"合作品牌"}},"partner_mpGchQ":{"type":"partner","settings":{"partner_logo":"shopify:\/\/shop_images\/13_0ceb24ab-c840-4af7-a409-a03de86a74df.png","partner_link":""}},"partner_ezPAJB":{"type":"partner","settings":{"partner_logo":"shopify:\/\/shop_images\/14_cf8977bd-30a9-4623-8d90-9ba9d2f12cce.png","partner_link":""}},"partner_EGK3Hb":{"type":"partner","settings":{"partner_logo":"shopify:\/\/shop_images\/15_7cf27748-ed59-42d0-bc5d-d72f2bc1de4d.png","partner_link":""}},"partner_TqrDaU":{"type":"partner","settings":{"partner_logo":"shopify:\/\/shop_images\/16_625e97ba-b4c7-4b86-b492-039557b1b60d.png","partner_link":""}},"partner_mmJycH":{"type":"partner","settings":{"partner_logo":"shopify:\/\/shop_images\/17_33ffa838-93d0-4f26-9f65-04656d62c6ff.png","partner_link":""}},"partner_jWr4Kt":{"type":"partner","settings":{"partner_logo":"shopify:\/\/shop_images\/18_7d5a0f89-0da7-4105-bc0d-810e6d933cb2.png","partner_link":""}},"partner_qUBmnD":{"type":"partner","settings":{"partner_logo":"shopify:\/\/shop_images\/19_37baa9e7-5199-4ca5-a1df-fd0913376efd.png","partner_link":""}},"partner_64hAp4":{"type":"partner","settings":{"partner_logo":"shopify:\/\/shop_images\/20_104ce9c9-55a1-4888-a21f-957b8a336987.png","partner_link":""}},"partner_fEdzPB":{"type":"partner","settings":{"partner_logo":"shopify:\/\/shop_images\/21_6aa214dc-f310-4059-a4c5-d9c70a87864e.png","partner_link":""}},"partner_jNLV4c":{"type":"partner","settings":{"partner_logo":"shopify:\/\/shop_images\/22_156c3335-bfd0-4349-bf32-b3950434f9f8.png","partner_link":""}},"partner_9Cdigx":{"type":"partner","settings":{"partner_logo":"shopify:\/\/shop_images\/23.png","partner_link":""}},"partner_GiaEDF":{"type":"partner","settings":{"partner_logo":"shopify:\/\/shop_images\/24_6574291f-c1f1-4577-9953-ea2fb421ab9a.png","partner_link":""}},"partner_7BYNGc":{"type":"partner","settings":{"partner_logo":"shopify:\/\/shop_images\/25_d687f006-95b4-4f20-8165-71923a9785cb.png","partner_link":""}},"partner_rjE7cF":{"type":"partner","settings":{"partner_logo":"shopify:\/\/shop_images\/26_42b0f747-a78d-47d7-b2b5-271f9f33e13a.png","partner_link":""}},"partner_r7mffg":{"type":"partner","settings":{"partner_logo":"shopify:\/\/shop_images\/27_1df40d68-194c-4e81-a1c9-700b9058247f.png","partner_link":""}},"partner_yk4wbq":{"type":"partner","settings":{"partner_logo":"shopify:\/\/shop_images\/29_0c9a0432-3399-4073-a9e3-5224191b3579.png","partner_link":""}},"partner_ftGgtc":{"type":"partner","settings":{"partner_logo":"shopify:\/\/shop_images\/28.png","partner_link":""}},"partner_iMTT7L":{"type":"partner","settings":{"partner_logo":"shopify:\/\/shop_images\/30.png","partner_link":""}},"partner_cm84k4":{"type":"partner","settings":{"partner_logo":"shopify:\/\/shop_images\/31.png","partner_link":""}},"partner_hrr7am":{"type":"partner","settings":{"partner_logo":"shopify:\/\/shop_images\/32.png","partner_link":""}}},"block_order":["heading_Q3RTLp","partner_mpGchQ","partner_ezPAJB","partner_EGK3Hb","partner_TqrDaU","partner_mmJycH","partner_jWr4Kt","partner_qUBmnD","partner_64hAp4","partner_fEdzPB","partner_jNLV4c","partner_9Cdigx","partner_GiaEDF","partner_7BYNGc","partner_rjE7cF","partner_r7mffg","partner_yk4wbq","partner_ftGgtc","partner_iMTT7L","partner_cm84k4","partner_hrr7am"],"settings":{"inherit_fonts":false,"text_color":"#000000","text_align":"center","background_color":"#ffffff","inner_bg_color":"rgba(0,0,0,0)","logo_ratio":"75%","section_height":false,"section_padding_top":0,"section_padding_bottom":0,"section_padding_top_mobile":0,"section_padding_bottom_mobile":0,"custom_css":""}},"image_with_text_overlay_4aEULa":{"type":"image-with-text-overlay","blocks":{"heading_xN98Ng":{"type":"heading","settings":{"text":"品牌拓展全球的完美方程式","heading_tag":"h2"}}},"block_order":["heading_xN98Ng"],"settings":{"full_width":true,"allow_transparent_header":false,"enable_parallax":false,"image_size":"auto","image":"shopify:\/\/shop_images\/40bef95e7fa08fc86ba4565f45fa4f5e_dc785fd6-0535-49e8-b040-b4b8174be728.png","mobile_text_position":"place-self-center text-center","desktop_text_position":"sm:place-self-center sm:text-center","text_color":"#ffffff","overlay_color":"#000000","overlay_opacity":0}},"image_with_text_overlay_xFmJcr":{"type":"image-with-text-overlay","settings":{"full_width":true,"allow_transparent_header":false,"enable_parallax":false,"image_size":"auto","image":"shopify:\/\/shop_images\/8_dbf4e14a-9f2d-4eb7-b23d-c6bd64c85f50.png","mobile_text_position":"place-self-center text-center","desktop_text_position":"sm:place-self-center sm:text-center","text_color":"#ffffff","overlay_color":"#000000","overlay_opacity":0}},"image_with_text_overlay_LP3VmP":{"type":"image-with-text-overlay","settings":{"full_width":true,"allow_transparent_header":false,"enable_parallax":false,"image_size":"auto","image":"shopify:\/\/shop_images\/10_642f79ca-3a45-4c1f-9251-e82389eab18b.png","mobile_text_position":"place-self-center text-center","desktop_text_position":"sm:place-self-center sm:text-center","text_color":"#ffffff","overlay_color":"#000000","overlay_opacity":0}},"image_with_text_overlay_Aaxarw":{"type":"image-with-text-overlay","settings":{"full_width":true,"allow_transparent_header":false,"enable_parallax":false,"image_size":"auto","image":"shopify:\/\/shop_images\/12_6d393727-01ad-41ae-9b43-3df3bb19d6af.png","mobile_text_position":"place-self-center text-center","desktop_text_position":"sm:place-self-center sm:text-center","text_color":"#ffffff","overlay_color":"#000000","overlay_opacity":0}},"image_link_blocks_DRrCrB":{"type":"image-link-blocks","blocks":{"item_j9XKdb":{"type":"item","settings":{"image":"shopify:\/\/shop_images\/Group_24_1f7ea743-9b2b-4e64-b6e1-e926bf6d4ac5.png","stretch_image":true,"link_text":"","link_url":"","background":"rgba(0,0,0,0)","text_color":"#ffffff","overlay_color":"#000000","overlay_opacity":0}},"item_k483rm":{"type":"item","settings":{"image":"shopify:\/\/shop_images\/Group_25_363cfe8d-adac-4932-ac43-018aa9f6aa58.png","stretch_image":true,"link_text":"","link_url":"","background":"","text_color":"#ffffff","overlay_color":"#000000","overlay_opacity":0}},"item_bEaC7g":{"type":"item","settings":{"image":"shopify:\/\/shop_images\/Group_27_e966ed57-7098-4969-9ed9-5063fa75c2c3.png","stretch_image":true,"link_text":"","link_url":"","background":"","text_color":"#ffffff","overlay_color":"#000000","overlay_opacity":0}},"item_eDYy7b":{"type":"item","settings":{"image":"shopify:\/\/shop_images\/Group_28_8d801dc2-d656-43c4-9bb1-006187520e73.png","stretch_image":true,"link_text":"","link_url":"","background":"","text_color":"#ffffff","overlay_color":"#000000","overlay_opacity":0}},"item_37CGP7":{"type":"item","settings":{"image":"shopify:\/\/shop_images\/Group_29_c3b3a8fb-78e3-4b2a-93fc-b50d7d8fae58.png","stretch_image":true,"link_text":"","link_url":"","background":"","text_color":"#ffffff","overlay_color":"#000000","overlay_opacity":0}}},"block_order":["item_j9XKdb","item_k483rm","item_bEaC7g","item_eDYy7b","item_37CGP7"],"disabled":true,"settings":{"full_width":true,"block_size":"large","subheading":"","title":"各大品牌强力推荐","content":"","link_url":"","link_text":"","background":"#f0f0f0","background_gradient":"","text_color":"","heading_color":"","heading_gradient":""}},"rich_text_bVwNLQ":{"type":"rich-text","blocks":{"heading_THgcgT":{"type":"heading","settings":{"text":"各大品牌强烈推荐","heading_tag":"h1","text_color":"","gradient":""}}},"block_order":["heading_THgcgT"],"settings":{"full_width":true,"content_width":"small","text_position":"center","background":"","background_gradient":"","text_color":""}},"case_display_hdXkaP":{"type":"case-display","blocks":{"image_xxcBdc":{"type":"image","settings":{"block-image":"shopify:\/\/shop_images\/Group_24_d4a929ec-f699-4fa3-a63b-c39169e6797c.png"}},"image_dCMYYN":{"type":"image","settings":{"block-image":"shopify:\/\/shop_images\/Group_25_8bc1be3b-81ff-4846-b87d-0e1b6f9b6dd4.png"}},"image_NteLrr":{"type":"image","settings":{"block-image":"shopify:\/\/shop_images\/Group_27_e6ef724b-88a3-4f5b-8fe2-1ec1a4441758.png"}},"image_MbqgPe":{"type":"image","settings":{"block-image":"shopify:\/\/shop_images\/Group_28_2c4153e8-7ab0-4894-b07f-863db0ecadf8.png"}},"image_NXqAKh":{"type":"image","settings":{"block-image":"shopify:\/\/shop_images\/Group_29_e594eb8e-ec35-4e27-84f3-9062ee066903.png"}}},"block_order":["image_xxcBdc","image_dCMYYN","image_NteLrr","image_MbqgPe","image_NXqAKh"],"settings":{}}},"order":["slideshow","image_with_text_overlay_pemAVM","text_with_icons_02_9gVTpj","rich_text_Vqj3gd","case_display_447dYR","pagefly_section_EkxPHm","sp_partners_rose_r4yfnh","image_with_text_overlay_4aEULa","image_with_text_overlay_xFmJcr","image_with_text_overlay_LP3VmP","image_with_text_overlay_Aaxarw","image_link_blocks_DRrCrB","rich_text_bVwNLQ","case_display_hdXkaP"]}