{"sections":{"main":{"type":"main-page","disabled":true,"settings":{"content_width":"80ch"}},"slideshow_BHnGTW":{"type":"slideshow","blocks":{"image_mQ963Q":{"type":"image","settings":{"image":"shopify:\/\/shop_images\/tech-meeting-flatlay.jpg","content_max_width":780,"mobile_text_position":"place-self-center text-center","desktop_text_position":"sm:place-self-center sm:text-center","subheading":"一个位于中国，专门从事跨境众筹代运营先锋。自成立之日起，我们就致力于帮助创业者和创新者实现他们的梦想，通过高效的众筹策略，将他们的创意产品和服务呈现给全球的支持者。","title":"欢迎来到Madspace","heading_tag":"h1","button_text":"","button_link":"","text_color":"#ffffff","button_background":"#ffffff","button_text_color":"#000000","overlay_color":"#000000","overlay_opacity":30,"background":"","background_gradient":""}}},"block_order":["image_mQ963Q"],"settings":{"full_width":false,"allow_transparent_header":true,"image_size":"md","controls_type":"dots","transition_type":"fade_with_text","autoplay":false,"cycle_speed":6,"background":"#F2F2F2","background_gradient":"linear-gradient(46deg, rgba(52, 133, 236, 1) 13%, rgba(170, 248, 219, 1) 86%)"}},"image_with_text_overlay_WERbjX":{"type":"image-with-text-overlay","blocks":{"heading_x3Wt8A":{"type":"heading","settings":{"text":"欢迎来到Madspace","heading_tag":"h2"}},"richtext_UjbV6C":{"type":"richtext","settings":{"content":"<p>一个位于中国，专门从事跨境众筹代运营先锋。自成立之日起，我们就致力于帮助创业者和创新者实现他们的梦想，通过高效的众筹策略，将他们的创意产品和服务呈现给全球的支持者。<\/p>"}}},"block_order":["heading_x3Wt8A","richtext_UjbV6C"],"disabled":true,"settings":{"full_width":true,"allow_transparent_header":false,"enable_parallax":false,"image_size":"sm","image":"shopify:\/\/shop_images\/Image_by_Marvin_Meyer.jpg","mobile_text_position":"place-self-center text-center","desktop_text_position":"sm:place-self-center sm:text-center","text_color":"#ffffff","overlay_color":"#000000","overlay_opacity":30}},"timeline_FkQj4R":{"type":"timeline","blocks":{"slide_R9796N":{"type":"slide","settings":{"image":"shopify:\/\/shop_images\/person-fishing-on-the-beach-is-silhouetted-at-sunset.jpg","navigation_label":"2017","subheading":"2017","title":"梦想的起点","content":"<p>2017年，在创新和梦想的驱动下，Madspace成立了。我们是一群对众筹充满热情的创业者，致力于将中国的创新产品介绍给全世界。起初，我们的团队虽小，但我们的愿景宏大——通过跨境众筹，让世界看到中国创新者的力量。<\/p>"}},"slide_iwMCci":{"type":"slide","settings":{"image":"shopify:\/\/shop_images\/a-bridge-sitting-in-thick-pink-and-purple-fog.jpg","navigation_label":"2018","subheading":"2018","title":"首次跨国扩展","content":"<p>借着2018年初步成功的势头，Madspace迅速扩展其影响力至亚洲其他地区，特别是日本和台湾。这一年标志着我们从国内市场走向国际的关键转折点，通过在这些关键市场的成功布局，我们开始为更多的创新项目找到全球的支持者。<\/p>"}},"slide_rmwc6n":{"type":"slide","settings":{"image":"shopify:\/\/shop_images\/business-team-meeting-boardroom.jpg","navigation_label":"2020","subheading":"2020","title":"业务拓展与团队壮大","content":"<p>Madspace的脚步没有停止，我们开始扩大业务范围，接手更多多样化的项目。Madspace的团队也随之壮大，引入了更多行业专家，包括营销策略师、项目管理专家和跨文化沟通顾问。我们的服务开始从众筹咨询扩展到全方位的项目管理和营销传播。<\/p>"}},"slide_eMW3xm":{"type":"slide","settings":{"image":"shopify:\/\/shop_images\/large-group-standing-in-office.jpg","navigation_label":"2022","subheading":"2022","title":"跨境众筹的领航者","content":"<p>经过几年的发展，到了2021年，Madspace已经成为跨境众筹领域的领军企业。我们成功代运营了数十个项目，累计筹款金额达到数百万美元。我们的成功案例遍及科技、设计、创意等多个领域，帮助客户实现了他们的国际化梦想。<\/p>"}},"slide_TKynhw":{"type":"slide","settings":{"image":"shopify:\/\/shop_images\/chicago-city-lights-at-night.jpg","navigation_label":"2024","subheading":"2024","title":"持续创新，共创未来","content":"<p>直到今天，Madspace持续在跨境众筹领域探索新的创新之路。我们不仅关注项目的筹款成功，更重视创意与创新的持续发展和全球化布局。Madspace正与更多的国际合作伙伴建立合作关系，致力于打造全球化的众筹生态系统，为更多的创新者和创业者提供支持。我们相信，未来属于那些敢于梦想并为之努力的人，Madspace将一直是他们最坚强的后盾。<\/p>"}}},"block_order":["slide_R9796N","slide_iwMCci","slide_rmwc6n","slide_eMW3xm","slide_TKynhw"],"settings":{"full_width":true,"background":"","background_gradient":"","text_color":""}},"multi_column_PPj6zB":{"type":"multi-column","blocks":{"item_mkeQBQ":{"type":"item","settings":{"column_size":"3","title":"全球分公司","heading_tag":"h4","content":"<p>在日本、台湾、美国、香港等关键市场建立了分公司，真正实现了业务的全球化<\/p>","link_url":"","link_text":"","link_style":"link"}},"item_AkUHB7":{"type":"item","settings":{"column_size":"3","title":"成功项目","heading_tag":"h4","content":"<p>至今，成功代运营了超过200个跨境众筹项目，涵盖科技、设计、艺术等多个领域。<\/p>","link_url":"","link_text":"","link_style":"link"}},"item_tgeV6V":{"type":"item","settings":{"column_size":"3","title":"筹资额","heading_tag":"h4","content":"<p>累计筹集资金超过1亿美元，帮助客户实现了他们的梦想，并推动了创新产品的全球推广。<\/p>","link_url":"","link_text":"","link_style":"link"}},"item_DBTHVQ":{"type":"item","settings":{"column_size":"2","title":"全球支持者","heading_tag":"h4","content":"<p>吸引了来自100多个国家和地区的超过50万名支持者，构建了强大的全球支持网络。<\/p>","link_url":"","link_text":"","link_style":"link"}},"item_Ngq9hQ":{"type":"item","settings":{"column_size":"2","title":"团队规模","heading_tag":"h4","content":"<p>目前，我们的团队成员超过150人，包括营销专家、项目管理者以及跨文化沟通专家。<\/p>","link_url":"","link_text":"","link_style":"link"}}},"block_order":["item_mkeQBQ","item_AkUHB7","item_tgeV6V","item_DBTHVQ","item_Ngq9hQ"],"settings":{"full_width":true,"stack_on_mobile":false,"gap":"large","text_alignment":"center","subheading":"","title":"","content":"","background":"","background_gradient":"","text_color":""}},"media_with_text_CHzy4p":{"type":"media-with-text","blocks":{"image_p9tpAT":{"type":"image","settings":{"image":"shopify:\/\/shop_images\/office-team-business-meeting.jpg","media_width":50,"media_position":"start","text_position":"place-self-center text-center","icon":"none","icon_width":48,"subheading":"","title":"我们的服务","content":"<p>在Madspace，我们提供从众筹咨询、项目策划与执行、营销与传播到后期支持与服务的一站式解决方案。我们的目标是不仅让项目成功筹资，更要确保项目的长期成功和品牌的全球认知。<\/p>","link_text":"","link_url":"","background":"#f0f0f0","background_gradient":"","text_color":"#1a1a1a","text_gradient":"","button_background":"","button_text_color":""}},"image_yDT3Dr":{"type":"image","settings":{"image":"shopify:\/\/shop_images\/business-women-shaking-hands.jpg","media_width":50,"media_position":"end","text_position":"place-self-center text-center","icon":"none","icon_width":48,"subheading":"","title":"我们的承诺","content":"<p>我们相信，每一个好的想法都值得被世界听见。Madspace致力于通过我们的专业服务和全球网络，为每一个创新者和创业者提供最佳的展示平台和实现梦想的机会。<\/p>","link_text":"","link_url":"","background":"#f0f0f0","background_gradient":"","text_color":"#1a1a1a","text_gradient":"","button_background":"","button_text_color":""}},"image_GkehKf":{"type":"image","settings":{"image":"shopify:\/\/shop_images\/skyscrapers-looking-up.jpg","media_width":50,"media_position":"start","text_position":"place-self-center text-center","icon":"none","icon_width":48,"subheading":"","title":"未来展望","content":"<p>面向未来，Madspace将继续扩大全球影响力，引入更多创新技术和策略，以支持更多领域的创新项目。我们期待与全球的创新者和创业者合作，共同创造更加辉煌的未来。<\/p>","link_text":"","link_url":"","background":"#f0f0f0","background_gradient":"","text_color":"#1a1a1a","text_gradient":"","button_background":"","button_text_color":""}}},"block_order":["image_p9tpAT","image_yDT3Dr","image_GkehKf"],"settings":{"full_width":false,"spacing":"small"}},"contact_6QyTKL":{"type":"contact","settings":{"full_width":true,"subheading":"","title":"联系我们","content":"","text_position":"center","contact_form_size":"large","background":"","background_gradient":"","text_color":"","heading_color":"","heading_gradient":"","contact_background":"","contact_text_color":"","button_background":"","button_text_color":""}}},"order":["main","slideshow_BHnGTW","image_with_text_overlay_WERbjX","timeline_FkQj4R","multi_column_PPj6zB","media_with_text_CHzy4p","contact_6QyTKL"]}