{"sections":{"main":{"type":"main-page","disabled":true,"settings":{"content_width":"80ch"}},"image_with_text_overlay_cJ8HYM":{"type":"image-with-text-overlay","blocks":{"heading_n3yaUX":{"type":"heading","settings":{"text":"联系我们","heading_tag":"h1"}}},"block_order":["heading_n3yaUX"],"settings":{"full_width":true,"allow_transparent_header":false,"enable_parallax":false,"image_size":"sm","image":"shopify:\/\/shop_images\/Image_by_Marvin_Meyer.jpg","mobile_text_position":"place-self-center text-center","desktop_text_position":"sm:place-self-center sm:text-center","text_color":"#ffffff","overlay_color":"#000000","overlay_opacity":20}},"contact":{"type":"contact","settings":{"full_width":true,"subheading":"","title":"","content":"<h5>请留下您的信息，我们将有专人跟您联系<\/h5>","text_position":"center","contact_form_size":"large","background":"","background_gradient":"","text_color":"","heading_color":"","heading_gradient":"","contact_background":"","contact_text_color":"","button_background":"","button_text_color":""}}},"order":["main","image_with_text_overlay_cJ8HYM","contact"]}