{"sections":{"main":{"type":"main-page","disabled":true,"settings":{"content_width":"80ch"}},"slideshow_wA7Tqc":{"type":"slideshow","blocks":{"image_e43n36":{"type":"image","settings":{"image":"shopify:\/\/shop_images\/3_8abe363f-50c2-404e-849b-ce98bede2990.png","content_max_width":780,"mobile_text_position":"place-self-center text-center","desktop_text_position":"sm:place-self-center sm:text-center","subheading":"迈思团队集合了20多位由台湾、日本、美国等各地区在地专家所组成的专业本地化团队，每个团队都深耕DTC营销、本地化视觉设计、本地化文案多年。多年来已服务众多中国企业在各大市场创下多项众筹金额记录、年度募资第一等亮眼成绩。","title":"放眼国际，帮助品牌征服全球市场","heading_tag":"h1","button_text":"","button_link":"","text_color":"#ffffff","button_background":"#ffffff","button_text_color":"#000000","overlay_color":"#000000","overlay_opacity":13,"background":"","background_gradient":""}}},"block_order":["image_e43n36"],"settings":{"full_width":true,"allow_transparent_header":true,"image_size":"auto","controls_type":"dots","transition_type":"fade_with_text","autoplay":false,"cycle_speed":6,"background":"#f2f2f2","background_gradient":""}},"image_link_blocks_HzWqRx":{"type":"image-link-blocks","blocks":{"item_MYTTKV":{"type":"item","settings":{"image":"shopify:\/\/shop_images\/Group_26.png","stretch_image":true,"link_text":"","link_url":"","background":"","text_color":"#ffffff","overlay_color":"#000000","overlay_opacity":0}},"item_LeFMW7":{"type":"item","settings":{"image":"shopify:\/\/shop_images\/Group_25_7b5b0b64-c08f-447b-a92c-b62e57a44757.png","stretch_image":true,"link_text":"","link_url":"","background":"","text_color":"#ffffff","overlay_color":"#000000","overlay_opacity":0}},"item_9MgdU8":{"type":"item","settings":{"image":"shopify:\/\/shop_images\/Group_28_a39b9725-0b0a-4a20-80c4-c64d5048bbf6.png","stretch_image":true,"link_text":"","link_url":"","background":"","text_color":"#ffffff","overlay_color":"#000000","overlay_opacity":0}},"item_Qrn3DD":{"type":"item","settings":{"image":"shopify:\/\/shop_images\/Group_27_74a8e1d4-ccce-4dd7-9f71-6ddc606c05d8.png","stretch_image":true,"link_text":"","link_url":"","background":"","text_color":"#ffffff","overlay_color":"#000000","overlay_opacity":0}},"item_3dBTnD":{"type":"item","settings":{"image":"shopify:\/\/shop_images\/Group_29_e4e3e468-0044-4987-a2c8-dbf1a3c51dbb.png","stretch_image":true,"link_text":"","link_url":"","background":"","text_color":"#ffffff","overlay_color":"#000000","overlay_opacity":0}}},"block_order":["item_MYTTKV","item_LeFMW7","item_9MgdU8","item_Qrn3DD","item_3dBTnD"],"settings":{"full_width":false,"block_size":"large","subheading":"","title":"","content":"","link_url":"","link_text":"","background":"","background_gradient":"","text_color":"","heading_color":"","heading_gradient":""}},"impact_text_KNha9c":{"type":"impact-text","blocks":{"item_LtmaCQ":{"type":"item","settings":{"title":"$30,000,000+","subheading":"","content":"<h4>MadSpace已经帮助客户获得新品销售⾦额<\/h4>","button_text":"","button_url":"","animate_impact_text":true,"animate_impact_text_duration":2}},"item_6Dkc8E":{"type":"item","settings":{"title":"$3,550,000+","subheading":"","content":"<h4>单一项目最⾼⾦额<\/h4>","button_text":"","button_url":"","animate_impact_text":true,"animate_impact_text_duration":2.1}}},"block_order":["item_LtmaCQ","item_6Dkc8E"],"settings":{"full_width":true,"stack_mobile":true,"text_alignment":"center","impact_text_style":"fill","text_divider":"line","impact_text_size_ratio":0.8,"background":"rgba(0,0,0,0)","background_gradient":"","heading_text_color":"#f0c417","heading_gradient":"","text_color":"","button_background":"","button_text_color":""}},"swiper_110_7RLNdq":{"type":"swiper-110","blocks":{"image_8Pp4Ni":{"type":"image","settings":{"block-image":"shopify:\/\/shop_images\/061c0c_48f62e65e7cf4e42a142fa549aa36c8e_mv2.webp","block-content":"","button-text":""}},"image_3KUyFe":{"type":"image","settings":{"block-image":"shopify:\/\/shop_images\/061c0c_14faaed569e1439d88610f00280a869a_mv2.webp","block-content":"","button-text":""}},"image_cCkYkC":{"type":"image","settings":{"block-image":"shopify:\/\/shop_images\/061c0c_9d03a1e2790a461a94695e376c2d7952_mv2.webp","block-content":"","button-text":""}},"image_LXXURx":{"type":"image","settings":{"block-image":"shopify:\/\/shop_images\/061c0c_8dd9399843b64ddd9c11127828d7ef59_mv2.webp","block-content":"","button-text":""}}},"block_order":["image_8Pp4Ni","image_3KUyFe","image_cCkYkC","image_LXXURx"],"settings":{}},"multi_column_XGrp4R":{"type":"multi-column","blocks":{"item_UnDrcH":{"type":"item","settings":{"image":"shopify:\/\/shop_images\/chicago-city-lights-at-night.jpg","column_size":"3","title":"全球平台首发","heading_tag":"h4","content":"<p>确保您的产品能在全球最受欢迎的新品发布平台上首发，吸引全球目光。<\/p>","link_url":"","link_text":"","link_style":"link"}},"item_TXLGUa":{"type":"item","settings":{"image":"shopify:\/\/shop_images\/business-meeting-over-coffee.jpg","column_size":"3","title":"电商平台合作","heading_tag":"h4","content":"<p>与亚马逊、eBay等全球知名电商平台合作，实现产品的快速上架和销售。<\/p>","link_url":"","link_text":"","link_style":"link"}},"item_rEEfpp":{"type":"item","settings":{"image":"shopify:\/\/shop_images\/team-sales-business-meeting.jpg","column_size":"3","title":"定制化合作方案","heading_tag":"h4","content":"<p>根据品牌特性和产品特点，量身定制合作方案，最大化品牌价值和市场影响力。<\/p>","link_url":"","link_text":"","link_style":"link"}}},"block_order":["item_UnDrcH","item_TXLGUa","item_rEEfpp"],"settings":{"full_width":true,"stack_on_mobile":false,"gap":"medium","text_alignment":"center","subheading":"","title":"深度业务合作平台","content":"<p>在Madspace，我们不仅提供服务，更建立了深度业务合作平台，通过与全球多个顶尖平台和机构的紧密合作，为您的品牌提供更广阔的舞台和无限可能。<\/p>","background":"","background_gradient":"","text_color":""}},"sp_features_mira_NhjiUt":{"type":"sp-features-mira","blocks":{"heading_dVbXQ4":{"type":"heading","settings":{"heading_text":"Madspace 4步致胜策略","heading_tag":"h2","sub_heading_text":""}},"feature_yHXQq8":{"type":"feature","settings":{"feature_number":1,"feature_title":"启动 - 制定策略","feature_text":"我们通过充分的海外市场调研和产品优势策划，为新品首发项目确立清晰的营销方向，确保从一开始就走在正确的道路上。"}},"feature_U7PYcT":{"type":"feature","settings":{"feature_number":2,"feature_title":"制作 - 素材准备","feature_text":"根据调研结果量身定制，包括产品Landing Page页面设计、广告拍摄、邮件营销，以及社交平台运营，确保素材的吸引力和有效性。"}},"feature_GMHeAN":{"type":"feature","settings":{"feature_number":3,"feature_title":"预热 - 吸引用户","feature_text":"通过线上海外广告、邮件营销、社交平台预热和媒体公关等渠道，为产品上线积蓄用户流量，构建预期和兴趣。"}},"feature_PXwXDg":{"type":"feature","settings":{"feature_number":4,"feature_title":"转化 - 项目上线","feature_text":"在确保所有准备工作后，我们引爆流量，快速推动项目排名上升，持续引流并优化销售转化，最大化销售成果。"}}},"block_order":["heading_dVbXQ4","feature_yHXQq8","feature_U7PYcT","feature_GMHeAN","feature_PXwXDg"],"settings":{"inherit_fonts":false,"text_color":"#262424","background_color":"rgba(0,0,0,0)","number_color":"#047c4a","text_align":"center","columns":"pw-col-md-6","section_height":false,"section_padding_top":100,"section_padding_bottom":100,"section_padding_top_mobile":100,"section_padding_bottom_mobile":100,"custom_css":""}},"media_with_text_GbUrwA":{"type":"media-with-text","blocks":{"image_DkEPbE":{"type":"image","settings":{"image":"shopify:\/\/shop_images\/business-team-meeting-boardroom.jpg","media_width":50,"media_position":"start","text_position":"place-self-center text-center","icon":"none","icon_width":48,"subheading":"","title":"市场调研","content":"<p>深入分析全球市场趋势，找到品牌和产品的最佳市场定位。<\/p>","link_text":"","link_url":"","background":"#f0f0f0","background_gradient":"","text_color":"#1a1a1a","text_gradient":"","button_background":"","button_text_color":""}},"image_hRVyx3":{"type":"image","settings":{"image":"shopify:\/\/shop_images\/skyscrapers-looking-up.jpg","media_width":50,"media_position":"end","text_position":"place-self-center text-center","icon":"none","icon_width":48,"subheading":"","title":"品牌策略","content":"<p>制定全球品牌策略，包括品牌信息、核心价值及全球化传播计划。<\/p>","link_text":"","link_url":"","background":"#f0f0f0","background_gradient":"","text_color":"#1a1a1a","text_gradient":"","button_background":"","button_text_color":""}},"image_r4afH4":{"type":"image","settings":{"image":"shopify:\/\/shop_images\/20.png","media_width":50,"media_position":"start","text_position":"place-self-center text-center","icon":"none","icon_width":48,"subheading":"","title":"差异化竞争","content":"<p>在全球化的背景下，找到品牌差异化竞争点，突出品牌特色。<\/p>","link_text":"","link_url":"","background":"#f0f0f0","background_gradient":"","text_color":"#1a1a1a","text_gradient":"","button_background":"","button_text_color":""}}},"block_order":["image_DkEPbE","image_hRVyx3","image_r4afH4"],"settings":{"full_width":false,"spacing":"small"}},"image_link_blocks_7qfYMw":{"type":"image-link-blocks","blocks":{"item_Y8NjhK":{"type":"item","settings":{"image":"shopify:\/\/shop_images\/061c0c_8dd9399843b64ddd9c11127828d7ef59_mv2.webp","stretch_image":true,"link_text":"","link_url":"","background":"","text_color":"#ffffff","overlay_color":"#000000","overlay_opacity":0}},"item_7tY4Xm":{"type":"item","settings":{"image":"shopify:\/\/shop_images\/061c0c_9d03a1e2790a461a94695e376c2d7952_mv2.webp","stretch_image":true,"link_text":"","link_url":"","background":"","text_color":"#ffffff","overlay_color":"#000000","overlay_opacity":0}},"item_DzRdUw":{"type":"item","settings":{"image":"shopify:\/\/shop_images\/061c0c_14faaed569e1439d88610f00280a869a_mv2.webp","stretch_image":true,"link_text":"","link_url":"","background":"","text_color":"#ffffff","overlay_color":"#000000","overlay_opacity":0}},"item_JF8Up4":{"type":"item","settings":{"image":"shopify:\/\/shop_images\/061c0c_48f62e65e7cf4e42a142fa549aa36c8e_mv2.webp","stretch_image":true,"link_text":"","link_url":"","background":"","text_color":"#ffffff","overlay_color":"#000000","overlay_opacity":0}},"item_UrxDqf":{"type":"item","settings":{"image":"shopify:\/\/shop_images\/061c0c_8dd9399843b64ddd9c11127828d7ef59_mv2.webp","stretch_image":true,"link_text":"","link_url":"","background":"","text_color":"#ffffff","overlay_color":"#000000","overlay_opacity":0}},"item_BgdXV6":{"type":"item","settings":{"image":"shopify:\/\/shop_images\/061c0c_9d03a1e2790a461a94695e376c2d7952_mv2.webp","stretch_image":true,"link_text":"","link_url":"","background":"","text_color":"#ffffff","overlay_color":"#000000","overlay_opacity":0}}},"block_order":["item_Y8NjhK","item_7tY4Xm","item_DzRdUw","item_JF8Up4","item_UrxDqf","item_BgdXV6"],"disabled":true,"settings":{"full_width":true,"block_size":"large","subheading":"","title":"客户案例与见证","content":"","link_url":"","link_text":"","background":"","background_gradient":"","text_color":"","heading_color":"","heading_gradient":""}},"contact_H8nmmj":{"type":"contact","settings":{"full_width":true,"subheading":"开始您的全球化之旅","title":"联系我们","content":"<h6>在Madspace，我们相信每一个品牌都有成为全球知名品牌的潜力。我们致力于通过我们的专业服务，帮助您的品牌实现这一梦想。让我们一起合作，开启您品牌的全球化之旅。<\/h6>","text_position":"start","contact_form_size":"large","background":"","background_gradient":"","text_color":"","heading_color":"","heading_gradient":"","contact_background":"","contact_text_color":"","button_background":"","button_text_color":""}}},"order":["main","slideshow_wA7Tqc","image_link_blocks_HzWqRx","impact_text_KNha9c","swiper_110_7RLNdq","multi_column_XGrp4R","sp_features_mira_NhjiUt","media_with_text_GbUrwA","image_link_blocks_7qfYMw","contact_H8nmmj"]}