{"sections":{"sp_image_grid_CbpfgK":{"type":"sp-image-grid","blocks":{"image_7PQDFm":{"type":"image","settings":{"link":""}},"image_LPxbFX":{"type":"image","settings":{"link":""}},"image_jzJMtA":{"type":"image","settings":{"link":""}},"image_pKgNKr":{"type":"image","settings":{"link":""}}},"block_order":["image_7PQDFm","image_LPxbFX","image_jzJMtA","image_pKgNKr"],"disabled":true,"settings":{"background_color":"linear-gradient(164deg, rgba(255, 255, 255, 1), rgba(255, 255, 255, 1) 100%)","button_background_color":"linear-gradient(164deg, rgba(17, 17, 17, 1), rgba(51, 51, 51, 1) 100%)","image_aspect_ratio":"1 \/ 1","max_width":1000,"grid_gap":25,"padding_top":25,"padding_bottom":25,"padding_left":10,"padding_right":10}},"main":{"type":"main-page","disabled":true,"settings":{"content_width":"80ch"}},"image_with_text_overlay_ecmx3k":{"type":"image-with-text-overlay","blocks":{"heading_CBYax3":{"type":"heading","settings":{"text":"迈思创新","heading_tag":"h1"}},"richtext_VDrPUX":{"type":"richtext","settings":{"content":"<h4>帮助中国品牌建立全球影响力<\/h4>"}}},"block_order":["heading_CBYax3","richtext_VDrPUX"],"settings":{"full_width":true,"allow_transparent_header":false,"enable_parallax":false,"image_size":"auto","image":"shopify:\/\/shop_images\/Image_by_Marvin_Meyer.jpg","mobile_text_position":"place-self-center text-center","desktop_text_position":"sm:place-self-center sm:text-center","text_color":"#ffffff","overlay_color":"#000000","overlay_opacity":30}},"sp_image_review_grid_9M4MHK":{"type":"sp-image-review-grid","blocks":{"review_dxyCQJ":{"type":"review","settings":{"image":"shopify:\/\/shop_images\/651b91c360a55_jpg.jpg","quote":"$2,765,439","cite":"SNOW+  ","cta_link":"https:\/\/petsnowy.hk\/"}},"review_LpUjqV":{"type":"review","settings":{"image":"shopify:\/\/shop_images\/crealityJP_png.png","quote":"$648,556","cite":"Creality","cta_link":""}},"review_3FBTpR":{"type":"review","settings":{"image":"shopify:\/\/shop_images\/feiyupocket2SIGG_png.png","quote":" $867,623","cite":"Pocket 2","cta_link":""}},"review_6HbKjW":{"type":"review","settings":{"image":"shopify:\/\/shop_images\/feiyupocket3_png.png","quote":"$1,693,515","cite":"Pocket 3  ","cta_link":""}}},"block_order":["review_dxyCQJ","review_LpUjqV","review_3FBTpR","review_6HbKjW"],"settings":{"text_font":"sans-serif","text_size":15,"headline_font":"sans-serif","headline_size":25,"background_color":"linear-gradient(164deg, rgba(255, 255, 255, 1), rgba(255, 255, 255, 1) 100%)","text_color":"#111111","highlight_color":"#111111","media_aspect_ratio":"16 \/ 9","max_width":1400,"grid_gap":10,"padding_top":25,"padding_bottom":25,"padding_left":10,"padding_right":10}},"sp_image_review_grid_hbDyG8":{"type":"sp-image-review-grid","blocks":{"review_RPHD9x":{"type":"review","settings":{"image":"shopify:\/\/shop_images\/hyperdiskKS_png.png","quote":"$1,095,048","cite":"hyperdisk     ","cta_link":""}},"review_RnKK6E":{"type":"review","settings":{"image":"shopify:\/\/shop_images\/LEOCHigg_png.png","quote":"$1,002,893","cite":"Leoch   ","cta_link":""}},"review_drfaDP":{"type":"review","settings":{"image":"shopify:\/\/shop_images\/moka4KIGG_png.png","quote":"$1,053,550","cite":"Moka 4K     ","cta_link":""}},"review_CFi7Kg":{"type":"review","settings":{"image":"shopify:\/\/shop_images\/mokacamIGG_png.png","quote":"$1,177,803","cite":"Mokacam Alpha3     ","cta_link":""}}},"block_order":["review_RPHD9x","review_RnKK6E","review_drfaDP","review_CFi7Kg"],"settings":{"text_font":"sans-serif","text_size":15,"headline_font":"sans-serif","headline_size":25,"background_color":"linear-gradient(164deg, rgba(255, 255, 255, 1), rgba(255, 255, 255, 1) 100%)","text_color":"#111111","highlight_color":"#111111","media_aspect_ratio":"16 \/ 9","max_width":1400,"grid_gap":10,"padding_top":25,"padding_bottom":25,"padding_left":10,"padding_right":10}},"sp_image_review_grid_rUiPyk":{"type":"sp-image-review-grid","blocks":{"review_aDRmKd":{"type":"review","settings":{"image":"shopify:\/\/shop_images\/monsterXigg_png.png","quote":"$4,535,209","cite":"Monster X     ","cta_link":""}},"review_MabpbV":{"type":"review","settings":{"image":"shopify:\/\/shop_images\/nahualepIGG_png.png","quote":"$2,062,154","cite":"Nagualep     ","cta_link":""}},"review_d98DCX":{"type":"review","settings":{"image":"shopify:\/\/shop_images\/Q11JP_png.png","quote":"$1,677,485","cite":"Nomo Q11     ","cta_link":""}},"review_fY8Bed":{"type":"review","settings":{"image":"shopify:\/\/shop_images\/smartmiP1IGG_png.png","quote":"$1,186,607","cite":"Smartmi P1     ","cta_link":""}}},"block_order":["review_aDRmKd","review_MabpbV","review_d98DCX","review_fY8Bed"],"settings":{"text_font":"sans-serif","text_size":15,"headline_font":"sans-serif","headline_size":25,"background_color":"linear-gradient(164deg, rgba(255, 255, 255, 1), rgba(255, 255, 255, 1) 100%)","text_color":"#111111","highlight_color":"#111111","media_aspect_ratio":"16 \/ 9","max_width":1400,"grid_gap":10,"padding_top":25,"padding_bottom":25,"padding_left":10,"padding_right":10}},"sp_image_review_grid_xDz9z4":{"type":"sp-image-review-grid","blocks":{"review_Ryy3FD":{"type":"review","settings":{"image":"shopify:\/\/shop_images\/T8_png.png","quote":"$1,771,448","cite":"DEEBOT T8     ","cta_link":""}},"review_yQRMUj":{"type":"review","settings":{"image":"shopify:\/\/shop_images\/X1_png.png","quote":"$3,762,855","cite":"DEEBOT X1","cta_link":""}},"review_Y3UbjL":{"type":"review","settings":{"image":"shopify:\/\/shop_images\/20231221200421_png.jpg","quote":"$582,804","cite":"Litheli W1 Pro     ","cta_link":""}},"review_wAKV77":{"type":"review","settings":{"image":"shopify:\/\/shop_images\/20231221200459_png.png","quote":"$541,002","cite":"G3 MAX     ","cta_link":""}}},"block_order":["review_Ryy3FD","review_yQRMUj","review_Y3UbjL","review_wAKV77"],"settings":{"text_font":"sans-serif","text_size":15,"headline_font":"sans-serif","headline_size":25,"background_color":"linear-gradient(164deg, rgba(255, 255, 255, 1), rgba(255, 255, 255, 1) 100%)","text_color":"#111111","highlight_color":"#111111","media_aspect_ratio":"16 \/ 9","max_width":1400,"grid_gap":10,"padding_top":25,"padding_bottom":25,"padding_left":10,"padding_right":10}}},"order":["sp_image_grid_CbpfgK","main","image_with_text_overlay_ecmx3k","sp_image_review_grid_9M4MHK","sp_image_review_grid_hbDyG8","sp_image_review_grid_rUiPyk","sp_image_review_grid_xDz9z4"]}