{"type":"footer","name":"Footer group","sections":{"footer":{"type":"footer","blocks":{"text_KxJaaM":{"type":"text","settings":{"title":"邮箱","content":"<h5><a href=\"mailto:cl@mad-space.com\">cl@mad-space.com<\/a><\/h5>","enable_follow_on_shop":true}},"image_picker_z7zKyC":{"type":"image_picker","disabled":true,"settings":{"image-block-content":"<h5>扫描二维码，立即开始咨询<br\/>并获取免费方案<\/h5>","image-block":"shopify:\/\/shop_images\/cl.webp","image-block_width":140}},"image_picker_mPjfVA":{"type":"image_picker","settings":{"image-block-content":"<p>迈思创新创始人<\/p>","image-block":"shopify:\/\/shop_images\/929269a3cfdebdf32f50fbafc05fceb.png","image-block_width":130}},"image_picker_bK4cE8":{"type":"image_picker","settings":{"image-block-content":"<p>美国团队负责人<\/p>","image-block":"shopify:\/\/shop_images\/229ab11b07b30dba1b4d8ed180cabd6.png","image-block_width":130}},"image_picker_iRy9Fw":{"type":"image_picker","settings":{"image-block-content":"<p>迈思海外营销专家<\/p>","image-block":"shopify:\/\/shop_images\/e8fccf5258f5111781c795a9ac8bff1.png","image-block_width":130}}},"block_order":["text_KxJaaM","image_picker_z7zKyC","image_picker_mPjfVA","image_picker_bK4cE8","image_picker_iRy9Fw"],"custom_css":[".footer {background: border-box;}",".footer__block:nth-of-type(1) {min-width: 12rem;}"],"settings":{"show_social_media":true,"show_payment_icons":false,"show_country_selector":true,"show_country_flag":true,"show_country_name":true,"show_locale_selector":true}}},"order":["footer"]}