{"type":"header","name":"Header group","sections":{"announcement-bar":{"type":"announcement-bar","blocks":{"message":{"type":"message","settings":{"text":"Announce something here","url":""}}},"block_order":["message"],"disabled":true,"settings":{"enable_sticky":false,"text_size":"text-xs","navigation_mode":"scrolling","scrolling_speed":10,"background":"#1a1a1a","background_gradient":"","text_color":"#ffffff"}},"header":{"type":"header","blocks":{"mega_menu_78AEzg":{"type":"mega_menu","disabled":true,"settings":{"menu_item":"出海服务","layout":"horizontal","submenu_style":"bold_text","image_1":"shopify:\/\/shop_images\/business-team-meeting-boardroom.jpg","image_heading_1":"营销资源","image_link_1":"shopify:\/\/pages\/dtc海外众筹","image_text_color_1":"#ffffff","image_2":"shopify:\/\/shop_images\/20.png","image_heading_2":"致胜策略","image_link_2":"","image_text_color_2":"#ffffff","image_3":"shopify:\/\/shop_images\/tech-meeting-flatlay.jpg","image_heading_3":"媒体公关","image_link_3":"","image_text_color_3":"#ffffff","product":"","product_card_background":"#1a1a1a","product_card_text_color":"","promo_content_layout":"grid","stretch_promo":false,"drawer_link_image":"hide"}}},"block_order":["mega_menu_78AEzg"],"custom_css":[".relative {display: none;}",".hidden {display: none;}",".header__wrapper {padding-top: 0.5rem; padding-bottom: 0.5rem;}"],"settings":{"enable_sticky":true,"hide_on_scroll":true,"logo":"shopify:\/\/shop_images\/image_49_1.png","logo_max_width":160,"logo_mobile_max_width":120,"menu":"main-menu","sidebar_menu":"","secondary_menu":"","menu_open_trigger":"hover","opening_from":"left","layout":"logo_left_navigation_center","show_social_media":true,"show_locale_selector":true,"show_country_selector":true,"show_country_flag":true,"show_country_name":false,"transparent_header_text_color":"#fff","reduce_padding":true,"background_opacity":100,"background_blur_radius":0}}},"order":["announcement-bar","header"]}